Year,Title,Author,Publisher,Publisher Location,Born,DOB,Residence,DOD,Bio,Novel
2007,Lauchlin of the Bad Heart,D.R. MacDonald,,,"Boularderie, Nova Scotia",1939,Nova Scotia and San Frasisco Bay Area,00/00/00,https://en.wikipedia.org/wiki/D._R._MacDonald,
1994,The Museum of Love,Steve Weiner,,,"Milwaukee, WI",1947,"London, England",21/04/2024,https://en.wikipedia.org/wiki/Steve_Weiner,
2003,The Island Walkers,John Bemrose,,,"Paris, ON",1947,"Toronto, ON",00/00/00,https://en.wikipedia.org/wiki/John_Bemrose ;  https://www.encyclopedia.com/arts/educational-magazines/bemrose-john-1947 https://www.penguinrandomhouse.com/authors/52171/john-bemrose/ ;,
2004,Beyond Measure,Pauline Holdstock,,,"Gravesend, England",1948,"Victoria, BC",00/00/00,https://en.wikipedia.org/wiki/Pauline_Holdstock,
2011,Into the Heart of the Country,Pauline Holdstock,,,"Gravesend, England",1948,"Victoria, BC",00/00/00,https://en.wikipedia.org/wiki/Pauline_Holdstock,
2013,Emancipation Day,Wayne Grady,,,"Windsor, ON",1948,"Kingston, ON",00/00/00,https://en.wikipedia.org/wiki/Wayne_Grady_(author) ; https://whistlerwritersfest.com/grady-wayne/,
2010,Curiosity,Joan Thomas,,,"Carberry, MB",1949,"Winnipeg, MB",00/00/00,https://en.wikipedia.org/wiki/Joan_Thomas,
2022,All the Quiet Places,Brian Thomas Isaac,,,"Okanagan Reserve, Vernon, British Columbia.",1950,"Kelowna, BC",00/00/00,https://en.wikipedia.org/wiki/Brian_Thomas_Isaac,
1995,A Fine Balance,Rohinton Mistry,,,"Bombay, India",1952,"Toronto, ON",00/00/00,https://en.wikipedia.org/wiki/Rohinton_Mistry; https://library.torontomu.ca/asianheritage/authors/mistry/,
2002,Mount Appetite,Bill Gaston,,,"Tacoma, Washington",1953,"Victoria, BC",00/00/00,https://en.wikipedia.org/wiki/Bill_Gaston,
2005,A Wall of Light,Edeet Ravel,,,"Kibbutz Sasa, Israel",1955,"Montreal, ON",00/00/00,https://en.wikipedia.org/wiki/Edeet_Ravel; https://www.encyclopedia.com/arts/educational-magazines/ravel-edeet-1955,
2012,The Emperor of Paris,CS Richardson,,,"Regina, SK",1955,"Toronto,ON",00/00/00,https://en.wikipedia.org/wiki/C._S._Richardson,
2023,All the Colour in the World,CS Richardson,,,"Regina, SK",1955,"Toronto,ON",00/00/00,https://en.wikipedia.org/wiki/C._S._Richardson,
2017,Tumbleweed,Josip Novakovich,,,Yugoslavia,1956,"Montreal, Quebec",00/00/00,https://en.wikipedia.org/wiki/Josip_Novakovich ; https://www.concordia.ca/cunews/main/stories/2015/10/13/booker_nominated-professors-new-book-confronts-the-balkans-troub.html,
1997,Cereus Blooms at Night,Shani Mootoo,,,"Dublin, Ireland",1957,"Prince Edward County, ON",00/00/00,https://en.wikipedia.org/wiki/Shani_Mootoo; https://www.thestar.com/entertainment/books/how-a-move-from-toronto-to-prince-edward-county-sparked-writer-shani-mootoo-s-metoo/article_90bc3dfe-5222-5b16-9ee3-180c2b901941.html; https://www.writerstrust.com/authors/shani-mootoo,
2009,Valmiki’s Daughter,Shani Mootoo,,,"Dublin, Ireland",1957,"Prince Edward County, ON",00/00/00,https://en.wikipedia.org/wiki/Shani_Mootoo; https://www.thestar.com/entertainment/books/how-a-move-from-toronto-to-prince-edward-county-sparked-writer-shani-mootoo-s-metoo/article_90bc3dfe-5222-5b16-9ee3-180c2b901941.html; https://www.writerstrust.com/authors/shani-mootoo,
2014,Moving Forward Sideways Like a Crab,Shani Mootoo,,,"Dublin, Ireland",1957,"Prince Edward County, ON",00/00/00,https://en.wikipedia.org/wiki/Shani_Mootoo; https://www.thestar.com/entertainment/books/how-a-move-from-toronto-to-prince-edward-county-sparked-writer-shani-mootoo-s-metoo/article_90bc3dfe-5222-5b16-9ee3-180c2b901941.html; https://www.writerstrust.com/authors/shani-mootoo,
2020,Polar Vortex,Shani Mootoo,,,"Dublin, Ireland",1957,"Prince Edward County, ON",00/00/00,https://en.wikipedia.org/wiki/Shani_Mootoo; https://www.thestar.com/entertainment/books/how-a-move-from-toronto-to-prince-edward-county-sparked-writer-shani-mootoo-s-metoo/article_90bc3dfe-5222-5b16-9ee3-180c2b901941.html; https://www.writerstrust.com/authors/shani-mootoo,
1997,Where She Has Gone,Nino Ricci,,,"Leamington, ON",1959,"Toronto, ON",00/00/00,https://en.wikipedia.org/wiki/Nino_Ricci,
2008,The Origin of Species,Nino Ricci,,,"Leamington, ON",1959,"Toronto, ON",00/00/00,https://en.wikipedia.org/wiki/Nino_Ricci,
2010,Annabel,Kathleen Winter,,,"Bill Quay, England",1960,"Montreal, QC",00/00/00,https://en.wikipedia.org/wiki/Kathleen_Winter,
2010,Lemon,Cordelia Strube,,,"Montreal, Quebec",1960,"Toronto, ON",00/00/00,https://en.wikipedia.org/wiki/Cordelia_Strube ; https://quillandquire.com/authors/inconvenient-truths/,
2009,The Incident Report,Martha Baillie,,,"Toronto, ON",1960,"Toronto, ON",00/00/00,https://en.wikipedia.org/wiki/Martha_Baillie,
2009,The Mistress of Nothing,Kate Pullinger,,,"Cranbrook, BC",1961,United Kingdom,00/00/00,https://en.wikipedia.org/wiki/Kate_Pullinger,
1997,The Projectionist,Michael Helm,,,"Eston, SK",1961,"Dundas, ON",00/00/00,https://en.wikipedia.org/wiki/Michael_Helm; https://www.thestar.com/entertainment/books/michael-helm-the-literary-craftsman/article_7e710bed-fc92-5457-8a4c-1dc0776b73ee.html,
2010,Cities of Refuge,Michael Helm,,,"Eston, SK",1961,"Dundas, ON",00/00/00,https://en.wikipedia.org/wiki/Michael_Helm; https://www.thestar.com/entertainment/books/michael-helm-the-literary-craftsman/article_7e710bed-fc92-5457-8a4c-1dc0776b73ee.html,
2004,The Tiger Claw,Shauna Singh Baldwin,,,"Montreal, QC",1962,"Milwaukee, WIsconsin",00/00/00,https://en.wikipedia.org/wiki/Shauna_Singh_Baldwin; https://archivesfa.library.yorku.ca/fonds/ON00370-f0000490.htm,
2006,The Hour of Bad Decisions,Russell Wangersky,,,"New Haven, CT",1962,"Saskatoon, SK",00/00/00,https://en.wikipedia.org/wiki/Russell_Wangersky; https://www.writerstrust.com/authors/russell-wangersky,
2012,Whirl Away,Russell Wangersky,,,"New Haven, CT",1962,"Saskatoon, SK",00/00/00,https://en.wikipedia.org/wiki/Russell_Wangersky; https://www.writerstrust.com/authors/russell-wangersky,
2012,Dr. Brinkley’s Tower,Robert Hough,,,"Toronto, ON",1963,"Toronto, ON",00/00/00,https://en.wikipedia.org/wiki/Robert_Hough_(author)  ; https://www.roberthough.ca/about.html ; https://dublinliteraryaward.ie/the-library/authors/robert-hough/,
2001,Stanley Park,Timothy Taylor,,,Venezuela,1963,"Vancouver, BC",00/00/00,https://en.wikipedia.org/wiki/Timothy_Taylor_(writer),
2006,De Niro’s Game,Rawi Hage,,,"Beirut, Lebanon",1964,"Montreal, QC",00/00/00,https://en.wikipedia.org/wiki/Rawi_Hage,
2008,Cockroach,Rawi Hage,,,"Beirut, Lebanon",1964,"Montreal, QC",00/00/00,https://en.wikipedia.org/wiki/Rawi_Hage,
2018,Beirut Hellfire Society,Rawi Hage,,,"Beirut, Lebanon",1964,"Montreal, QC",00/00/00,https://en.wikipedia.org/wiki/Rawi_Hage,
2022,Stray Dogs,Rawi Hage,,,"Beirut, Lebanon",1964,"Montreal, QC",00/00/00,https://en.wikipedia.org/wiki/Rawi_Hage,
2016,Yiddish for Pirates,Gary Barwin,,,"Belfast, Northern Ireland",1964,"Hamilton, ON",00/00/00,https://en.wikipedia.org/wiki/Gary_Barwin,
2007,The Architects Are Here,Michael Winter,,,"Jarrow, England",1965,"Toronto, ON and NL",00/00/00,https://en.wikipedia.org/wiki/Michael_Winter_(writer),
2013,Minister Without Portfolio,Michael Winter,,,"Jarrow, England",1965,"Toronto, ON and NL",00/00/00,https://en.wikipedia.org/wiki/Michael_Winter_(writer),
2007,Zero Gravity,Sharon English,,,"London, ON",1965,"Toronto, ON",00/00/00,https://en.wikipedia.org/wiki/Sharon_English,
2011,Monoceros,Suzette Mayr,,,"Calgary, AB",1967,"Calgary, AB",00/00/00,https://en.wikipedia.org/wiki/Suzette_Mayr; https://www.suzettemayr.com/,
2022,The Sleeping Car Porter,Suzette Mayr,,,"Calgary, AB",1967,"Calgary, AB",00/00/00,https://en.wikipedia.org/wiki/Suzette_Mayr; https://www.suzettemayr.com/,
2012,Ru,"Kim Thúy, translated by Sheila Fischman",,,"Saigon, South Vietnam",1968,"Montreal, QC",00/00/00,https://en.wikipedia.org/wiki/Kim_Th%C3%BAy,
2018,Vi,"Kim Thúy, translated by Sheila Fischman",,,"Saigon, South Vietnam",1968,"Montreal, QC",00/00/00,https://en.wikipedia.org/wiki/Kim_Th%C3%BAy,
2021,Em,"Kim Thúy, translated by Sheila Fischman",,,"Saigon, South Vietnam",1968,"Montreal, QC",00/00/00,https://en.wikipedia.org/wiki/Kim_Th%C3%BAy,
2007,Soucouyant,David Chariandy,,,"Scarborough, ON",1969,"Toronto, ON",00/00/00,https://en.wikipedia.org/wiki/David_Chariandy,
2017,Brother,David Chariandy,,,"Scarborough, ON",1969,"Toronto, ON",00/00/00,https://en.wikipedia.org/wiki/David_Chariandy,
2007,Effigy,Alissa York,,,"Athabasca, Alberta,",1970,"Toronto, ON",00/00/00,https://en.wikipedia.org/wiki/Alissa_York,
2009,The Golden Mean,Annabel Lyon,,,"Brampton,ON",1971,"New Westminster, BC",00/00/00,https://en.wikipedia.org/wiki/Annabel_Lyon,
2012,The Sweet Girl,Annabel Lyon,,,"Brampton,ON",1971,"New Westminster, BC",00/00/00,https://en.wikipedia.org/wiki/Annabel_Lyon,
2020,Consent,Annabel Lyon,,,"Brampton,ON",1971,"New Westminster, BC",00/00/00,https://en.wikipedia.org/wiki/Annabel_Lyon,
2022,Mouth to Mouth,Antoine Wilson,,,"Montreal, QC",1971,"Los Angeles, US",00/00/00,https://en.wikipedia.org/wiki/Antoine_Wilson,
2015,Martin John,Anakana Schofield,,,United Kingdom,1971,"Vancouver, BC",00/00/00,https://en.wikipedia.org/wiki/Anakana_Schofield,
2010,Light Lifting,Alexander MacLeod,,,"Ivernes, NS",1972,"Darmouth, NS",00/00/00,https://www.writerstrust.com/authors/alexander-macleod ; https://en.wikipedia.org/wiki/Alexander_MacLeod_(writer),
2017,I Am A Truck,Michelle Winters,,,"Saint John, New Brunswick,",1972,"Toronto, ON",00/00/00,https://en.wikipedia.org/wiki/Michelle_Winters,
2014,The Girl Who Was Saturday Night,Heather O’Neill,,,"Montreal, QC",1973,"Montreal, QC",00/00/00,https://en.wikipedia.org/wiki/Heather_O%27Neill,
2015,Daydreams of Angels,Heather O’Neill,,,"Montreal, QC",1973,"Montreal, QC",00/00/00,https://en.wikipedia.org/wiki/Heather_O%27Neill,
2016,Do Not Say We Have Nothing,Madeleine Thien,,,"Vancouver, BC",1974,"Montreal, QC",00/00/00,https://en.wikipedia.org/wiki/Madeleine_Thien,
2023,The Double Life of Benson Yu,Kevin Chong,,,Hong Kong,1975,"Vancouver, BC",00/00/00,https://en.wikipedia.org/wiki/Kevin_Chong,
2011,The Sisters Brothers,Patrick deWitt,,,"Sidney, BC",1975,"Portland, OR",00/00/00,https://en.wikipedia.org/wiki/Patrick_deWitt,
2015,Undermajordomo Minor,Patrick deWitt,,,"Sidney, BC",1975,"Portland, OR",00/00/00,https://en.wikipedia.org/wiki/Patrick_deWitt,
2018,French Exit,Patrick deWitt,,,"Sidney, BC",1975,"Portland, OR",00/00/00,https://en.wikipedia.org/wiki/Patrick_deWitt,
2013,Cataract City,Craig Davidson,,,"St.Catherines, ON",1975,"Toronto, ON",00/00/00,https://en.wikipedia.org/wiki/Craig_Davidson ; https://dublinliteraryaward.ie/the-library/authors/craig-davidson/,
2012,My Life Among the Apes,Cary Fagan,,,"Toronto, ON",1975,"Toronto, ON",00/00/00,https://en.wikipedia.org/wiki/Cary_Fagan ; https://alllitup.ca/cozy-fest-cary-fagan-a-fast-horse-never-brings-good-news/,
2015,All True Not a Lie in It,Alix Hawley,,,"Vancouver, BC",1975,"Kelowna, BC",00/00/00,https://en.wikipedia.org/wiki/Alix_Hawley ;https://www.harpercollins.com/blogs/authors/alix-hawley,
2020,Dominoes at the Crossroads,Kaie Kellough,,,"Vancouver, BC",1975,"Toronto, ON",00/00/00,https://en.wikipedia.org/wiki/Kaie_Kellough,
2006,The Governor of the Northern Province,Randy Boyagoda,,,"Oshawa, ON",1976,"Toronto, ON",00/00/00,https://en.wikipedia.org/wiki/Randy_Boyagoda,
2022,Hotline,Dimitri Nasrallah,,,Lebanon,1977,"Montrea, QC",00/00/00,https://en.wikipedia.org/wiki/Dimitri_Nasrallah,
2015,Arvida,"Samuel Archibald, translated by Donald Winkler",,,Arvida Quebec,1978,"Montreal, QC",00/00/00,https://en.wikipedia.org/wiki/Samuel_Archibald_(writer); https://www.cbc.ca/books/samuel-archibald-1.4771799,
2011,Half-Blood Blues,Esi Edugyan,,,"Calgary, AB",1978,"Victoria, BC",00/00/00,https://en.wikipedia.org/wiki/Esi_Edugyan,
2018,Washington Black,Esi Edugyan,,,"Calgary, AB",1978,"Victoria, BC",00/00/00,https://en.wikipedia.org/wiki/Esi_Edugyan,
2020,How to Pronounce Knife,Souvankham Thammavongsa,,,"Nong Khai, Thailand",1978,"Toronto, ON",00/00/00,https://en.wikipedia.org/wiki/Souvankham_Thammavongsa ; https://library.torontomu.ca/asianheritage/authors/thammavongsa/,
2006,Stolen,Annette Lapointe,,,"Saskatoon, SK",1978,"Grand Prairie, AL",00/00/00,https://en.wikipedia.org/wiki/Annette_Lapointe; https://whistlerwritersfest.com/lapointe-annette/,
2020,The Glass Hotel,Emily St. John Mandel,,,"Melville, BC",1979,"New York, New York",00/00/00,https://en.wikipedia.org/wiki/Emily_St._John_Mandel,
2016,The Party Wall,Catherine Leroux,,,"Rosemère, Quebec i",1979,"Montreal, QC",00/00/00,https://en.wikipedia.org/wiki/Catherine_Leroux ; Catherine Leroux,
2010,The Sentimentalists,Johanna Skibsrud,,,"Meadowville, NS",1980,"Tuscon, Arizona",00/00/00,https://en.wikipedia.org/wiki/Johanna_Skibsrud,
2018,An Ocean of Minutes,Thea Lim,,,"Toronto, ON",1981,"Toronto, ON",00/00/00,https://en.wikipedia.org/wiki/Thea_Lim ; https://thealim.org/about/,
2021,What Strange Paradise,Omar El Akkad,,,"Cairo, Egypt",1982,"Portland, Oregon",00/00/00,https://en.wikipedia.org/wiki/Omar_El_Akkad,
2017,The Dark and Other Love Stories,Deborah Willis,,,"Calgary, AB",1982,"Calgary, AB",00/00/00,https://en.wikipedia.org/wiki/Deborah_Willis_(author),
2023,Girlfriend on Mars,Deborah Willis,,,"Calgary, AB",1982,"Calgary, AB",00/00/00,https://en.wikipedia.org/wiki/Deborah_Willis_(author),
2014,Us Conductors,Sean Michaels,,,"Storling, Scotland",1982,"Montreal, QC",00/00/00,https://en.wikipedia.org/wiki/Sean_Michaels_(writer),
2023,The Clarion,Nina Dunic,,,"Belgrade, Serbia",1983,"Scarborough, ON",00/00/00,https://en.wikipedia.org/wiki/Nina_Dunic ; https://ninadunic.com/,
2022,We Measure the Earth With Our Bodies,Tsering Yangzom Lama,,,"Tibetan Refugee Community, Tibetan",1984,Vancounver BC,00/00/00,https://en.wikipedia.org/wiki/Tsering_Yangzom_Lama ; https://fondation-janmichalski.com/en/residences/residents/tsering-yangzom-lama,
2023,Birnam Wood,Eleanor Catton,,,"London,ON",1985,"Cambridge, England",00/00/00,https://en.wikipedia.org/wiki/Eleanor_Catton,
2022,Lesser Known Monsters of the 21st Century,Kim Fu,,,"Vancouver, BC",1987,"Seattle, Washington",00/00/00,https://en.wikipedia.org/wiki/Kim_Fu,
1999,Am I Disturbing You?,"Anne Hébert, translated by Sheila Fischman",,,"St. Catherine de Fossambault, QC",01-08-1916,"Montreal, QC",22/01/2000,https://en.wikipedia.org/wiki/Anne_H%C3%A9bert,
1998,The Love of a Good Woman,Alice Munro,,,"Wingham, ON",10-07-1931,"Port Hope, ON",13/05/2024,https://en.wikipedia.org/wiki/Alice_Munro,
2004,Runaway,Alice Munro,,,"Wingham, ON",10-07-1931,"Port Hope, ON",13/05/2024,https://en.wikipedia.org/wiki/Alice_Munro,
1997,Larry’s Party,Carol Shields,,,"Oak Park, IL",02-06-1935,"Victoria, BC",16/07/2003,https://en.wikipedia.org/wiki/Carol_Shields,
2002,Unless,Carol Shields,,,"Oak Park, IL",02-06-1935,"Victoria, BC",16/07/2003,https://en.wikipedia.org/wiki/Carol_Shields,
1995,The Age of Longing,Richard B. Wright,,,"Midland, ON",04-03-1937,"St. Catherines, ON",07-02-2017,https://en.wikipedia.org/wiki/Richard_B._Wright,
2001,Clara Callan,Richard B. Wright,,,"Midland, ON",04-03-1937,"St. Catherines, ON",07-02-2017,https://en.wikipedia.org/wiki/Richard_B._Wright,
2007,October,Richard B. Wright,,,"Midland, ON",04-03-1937,"St. Catherines, ON",07-02-2017,https://en.wikipedia.org/wiki/Richard_B._Wright,
2011,The Meagre Tarmac,Clark Blaise,,,"Fargo, North Dakota",10-04-1940,New York,00/00/00,https://en.wikipedia.org/wiki/Clark_Blaise,
2007,Stormy Weather,Paulette Jiles,,,"Salem, MO",04-Apr-43,"San Antonio, TX",08-07-2025,https://en.wikipedia.org/wiki/Paulette_Jiles,
2009,The Colour of Lightning,Paulette Jiles,,,"Salem, MO",04-Apr-43,"San Antonio, TX",08-07-2025,https://en.wikipedia.org/wiki/Paulette_Jiles,
2000,Anil’s Ghost,Michael Ondaatje,,,"Colombo, Sri Lanka",12-09-1943,"Toronto, ON",00/00/00,https://en.wikipedia.org/wiki/Michael_Ondaatje; https://alumni.utoronto.ca/news/featured-alumni/michael-ondaatje; https://library.torontomu.ca/asianheritage/authors/ondaatje/,
2007,Divisadero,Michael Ondaatje,,,"Colombo, Sri Lanka",12-09-1943,"Toronto, ON",00/00/00,https://en.wikipedia.org/wiki/Michael_Ondaatje; https://alumni.utoronto.ca/news/featured-alumni/michael-ondaatje; https://library.torontomu.ca/asianheritage/authors/ondaatje/,
2011,The Cat’s Table,Michael Ondaatje,,,"Colombo, Sri Lanka",12-09-1943,"Toronto, ON",00/00/00,https://en.wikipedia.org/wiki/Michael_Ondaatje; https://alumni.utoronto.ca/news/featured-alumni/michael-ondaatje; https://library.torontomu.ca/asianheritage/authors/ondaatje/,
2015,A Beauty,Connie Gault,,,"Central Butte, Saskatchewan",06-03-1949,"London, ON",00/00/00,https://en.wikipedia.org/wiki/Connie_Gault;https://writersunion.ca/member/connie-gault,
1996,The Englishman’s Boy,Guy Vanderhaeghe,,,"Esterhazy, SK",05-04-1951,"Saskatoon, SK",00/00/00,https://en.wikipedia.org/wiki/Guy_Vanderhaeghe,
2011,A Good Man,Guy Vanderhaeghe,,,"Esterhazy, SK",05-04-1951,"Saskatoon, SK",00/00/00,https://en.wikipedia.org/wiki/Guy_Vanderhaeghe,
2019,Late Breaking,K.D. Miller,,,"Hamilton, ON",06-03-1951,"Toronto, ON",13/09/2026,https://en.wikipedia.org/wiki/K._D._Miller; https://www.dawnwriter.com/about,
2012,Our Daily Bread,Lauren B. Davis,,,"Montreal, QC",05-05-1955,"Priceton, New Jersey",00/00/00,https://en.wikipedia.org/wiki/Lauren_B._Davis,
2017,Boundary,"Andrée A. Michaud, translated by Donald Winkler",,,"Saint-Sébastien-de-Frontenac, Quebec",12-11-1957,Quebec,00/00/00,https://en.wikipedia.org/wiki/Andr%C3%A9e_A._Michaud ; https://writersfestival.org/author/andree-a.-michaud,
2014,Paradise and Elsewhere,Kathy Page,,,"London, England",08-04-1958,"Salt Spring Island, BC",00/00/00,https://en.wikipedia.org/wiki/Kathy_Page,
2016,The Two of Us,Kathy Page,,,"London, England",08-04-1958,"Salt Spring Island, BC",00/00/00,https://en.wikipedia.org/wiki/Kathy_Page,
2013,Oct-70,"Louis Hamelin, translated by Wayne Grady",,,"Saint-Séverin-de-Proulxville, QC",09-06-1959,-,00/00/00,https://en.wikipedia.org/wiki/Louis_Hamelin,
2011,Better Living Through Plastic Explosives,Zsuzsi Gartner,,,"Winnipeg, MN",04-05-1960,"Vancouver, BC",00/00/00,https://www.createastir.ca/articles/zsuzsi-gartner,
2020,Ridgerunner,Gil Adamson,,,"Toronto, ON",01-01-1961,"Toronto, ON",00/00/00,https://en.wikipedia.org/wiki/Gil_Adamson,
2020,Clyde Fans,Seth,,,"Clinton, ON",01-09-1962,"Guelph, ON",00/00/00,https://en.wikipedia.org/wiki/Seth_(cartoonist),
2015,Confidence,Russell Smith,,,"Johannesburg, South Africa",02-08-1963,"Toronto, ON",00/00/00,https://en.wikipedia.org/wiki/Russell_Smith_(writer) ; https://49thshelf.com/Contributors/S/Smith-Russell,
1996,The Cure for Death by Lightning,Gail Anderson-Dargatz,,,"Kamloops, BC",04-11-1963,"Shuswap Region, BC",00/00/00,https://en.wikipedia.org/wiki/Gail_Anderson-Dargatz,
1998,A Recipe for Bees,Gail Anderson-Dargatz,,,"Kamloops, BC",04-11-1963,"Shuswap Region, BC",00/00/00,https://en.wikipedia.org/wiki/Gail_Anderson-Dargatz,
2006,Pleased to Meet You,Caroline Adderson,,,"Edmonton, AB",09-09-1963,"Vancouver, BC",00/00/00,https://en.wikipedia.org/wiki/Caroline_Adderson,
2024,A Way to be Happy,Caroline Adderson,,,"Edmonton, AB",09-09-1963,"Vancouver, BC",00/00/00,https://en.wikipedia.org/wiki/Caroline_Adderson,
2012,419,Will Ferguson,,,"Fort Vermillion, ON",12-10-1963,"Calgary, AB",00/00/00,https://en.wikipedia.org/wiki/Will_Ferguson,
2023,Wait Softly Brother,Kathryn Kuitenbrouwer,,,"Ottawa, ON",06-02-1965,"Toronto, ON",00/00/00,https://en.wikipedia.org/wiki/Kathryn_Kuitenbrouwer,
2020,Five Little Indians,Michelle Good,,,"Kitimat, BC",07-10-1965,"Okanagan, BC",00/00/00,https://en.wikipedia.org/wiki/Michelle_Good ; https://thecanadianencyclopedia.ca/en/article/michelle-good ; https://gillerprize.ca/scotiabank-giller-prize-spotlight-michelle-good/,
1994,Funny Boy,Shyam Selvadurai,,,"Colombo, Sri Lanka",12-02-1965,"Toronto, ON",00/00/00,https://thecanadianencyclopedia.ca/en/article/shyam-selvadurai; https://en.wikipedia.org/wiki/Shyam_Selvadurai,
2013,The Woman Upstairs,Claire Messud,,,"Greenwich, Connecticut,",08-10-1966,"Cambridge, Massachusetts",00/00/00,https://en.wikipedia.org/wiki/Claire_Messud ; https://www.clairemessud.com/about,
2024,This Strange Eventful History,Claire Messud,,,"Greenwich, CT",8-10-1966,"Cambridge, MA",00/00/00,https://en.wikipedia.org/wiki/Claire_Messud,
2017,Minds of Winter,Ed O’Loughlin,,,"Toronto, ON",8-12-1966,"Dublin, Ireland",00/00/00,https://en.wikipedia.org/wiki/Ed_O%27Loughlin,
2001,Martin Sloane,Michael Redhill,,,"Baltimore, MD",12-09-1966,"Toronto, ON",00/00/00,https://en.wikipedia.org/wiki/Michael_Redhill; https://www.english.utoronto.ca/people/directories/all-faculty/michael-redhill,
2017,Bellevue Square,Michael Redhill,,,"Baltimore, MD",12-09-1966,"Toronto, ON",00/00/00,https://en.wikipedia.org/wiki/Michael_Redhill; https://www.english.utoronto.ca/people/directories/all-faculty/michael-redhill,
2000,Burridge Unbound,Alan Cumyn,,,"Ottawa, ON",08-01-1967,"Ottawa, ON",00/00/00,https://en.wikipedia.org/wiki/Alan_Cumyn,
2006,The Famished Lover,Alan Cumyn,,,"Ottawa, ON",08-01-1967,"Ottawa, ON",00/00/00,https://en.wikipedia.org/wiki/Alan_Cumyn,
2015,Outline,Rachel Cusk,,,"Saskatoon, SK",08-02-1967,"Paris, France",00/00/00,https://en.wikipedia.org/wiki/Rachel_Cusk,
2017,Transit,Rachel Cusk,,,"Saskatoon, SK",08-02-1967,"Paris, France",00/00/00,https://en.wikipedia.org/wiki/Rachel_Cusk,
2006,The Perfect Circle,"Pascale Quiviger, translated by Sheila Fischman",,,"Montreal, QC",05-10-1969,"Nottingham, England",00/00/00,https://en.wikipedia.org/wiki/Pascale_Quiviger ; https://fr.wikipedia.org/wiki/Pascale_Quiviger,
2008,The Sealed Letter,Emma Donoghue,,,"Dublin, Ireland",10-1969,"London, ON",00/00/00,https://en.wikipedia.org/wiki/Emma_Donoghue,
2016,The Wonder,Emma Donoghue,,,"Dublin, Ireland",10-1969,"London, ON",00/00/00,https://en.wikipedia.org/wiki/Emma_Donoghue,
2020,Pull of the Stars,Emma Donoghue,,,"Dublin, Ireland",Oct-69,"London, ON",00/00/00,https://en.wikipedia.org/wiki/Emma_Donoghue,
2012,Inside,Alix Ohlin,,,"Montreal, QC",04-05-1972,"Vancouver, BC",04-05-1972,https://en.wikipedia.org/wiki/Alix_Ohlin; https://www.google.com/search?q=alix+ohlin+dob&sca_esv=c02979cb1c529454&rlz=1C5CHFA_enCA793CA793&sxsrf=ANbL-n4sjUjfiRij2yDsA4a0Q4mIV6hRwQ:1779752658663&ei=0t4UavueKOmq5NoPosG94Qk&start=0&sa=N&sstk=AU9db-BaFpsySa-yfyq4CDPdCoAPYn1OtU4g-dvKMsgtwVNvyp9HviYiL78x970UcMjZh_Y0gJils52o0uGtp9Kx3QO7g3koLJatOjtpqsQY2-Mzc2LuZKJRTwr8zGpfsLTE&ved=2ahUKEwj7z4eoz9WUAxVpFVkFHaJgL5w4ChDy0wN6BAgjEAY&biw=956&bih=775&dpr=2,
2019,Dual Citizens,Alix Ohlin,,,"Montreal, QC",04-05-1972,"Vancouver, BC",04-05-1972,https://en.wikipedia.org/wiki/Alix_Ohlin; https://www.google.com/search?q=alix+ohlin+dob&sca_esv=c02979cb1c529454&rlz=1C5CHFA_enCA793CA793&sxsrf=ANbL-n4sjUjfiRij2yDsA4a0Q4mIV6hRwQ:1779752658663&ei=0t4UavueKOmq5NoPosG94Qk&start=0&sa=N&sstk=AU9db-BaFpsySa-yfyq4CDPdCoAPYn1OtU4g-dvKMsgtwVNvyp9HviYiL78x970UcMjZh_Y0gJils52o0uGtp9Kx3QO7g3koLJatOjtpqsQY2-Mzc2LuZKJRTwr8zGpfsLTE&ved=2ahUKEwj7z4eoz9WUAxVpFVkFHaJgL5w4ChDy0wN6BAgjEAY&biw=956&bih=775&dpr=2,
2011,Free World,David Bezmozgis,,,"Riga, Latvia",02-06-1973,"Toronto, ON",00/00/00,https://en.wikipedia.org/wiki/David_Bezmozgis,
2014,The Betrayers,David Bezmozgis,,,"Riga, Latvia",02-06-1973,"Toronto, ON",00/00/00,https://en.wikipedia.org/wiki/David_Bezmozgis,
2019,Immigrant City,David Bezmozgis,,,"Riga, Latvia",02-06-1973,"Toronto, ON",00/00/00,https://en.wikipedia.org/wiki/David_Bezmozgis,
2006,Bloodletting & Miraculous Cures,Vincent Lam,,,"London, ON",05-09-1974,"Toronto, ON",00/00/00,https://en.wikipedia.org/wiki/Todd_Babiak,
2019,Dream Sequence,Adam Foulds,,,"London, England",08-10-1974,"Toronto, ON",00/00/00,https://en.wikipedia.org/wiki/Adam_Foulds,
2010,The Imperfectionists,Tom Rachman,,,"London, England",09-1974,"London, England",00/00/00,https://en.wikipedia.org/wiki/Tom_Rachman ; https://hamiltonreviewofbooks.com/dana-hansen-interviews-tom-rachman,
2018,Split Tooth,Tanya Tagaq,,,"Iqaluktuuttiaq, NU",05-05-1975,"Victoria Island, BC",00/00/00,https://en.wikipedia.org/wiki/Tanya_Tagaq,
2011,The Beggar’s Garden,Michael Christie,,,"Thunder, ON",07-10-1976,"Victoria, BC",00/00/00,https://en.wikipedia.org/wiki/Michael_Christie_(writer); https://michaelchristie.net/; https://suejleonard.com/articles/beginners-pluck/michael-christie/,
2015,"If I Fall, I Die",Michael Christie,,,"Thunder, ON",07-10-1976,"Victoria, BC",00/00/00,https://en.wikipedia.org/wiki/Michael_Christie_(writer); https://michaelchristie.net/; https://suejleonard.com/articles/beginners-pluck/michael-christie/,
2019,Greenwood,Michael Christie,,,"Thunder, ON",07-10-1976,"Victoria, BC",00/00/00,https://en.wikipedia.org/wiki/Michael_Christie_(writer); https://michaelchristie.net/; https://suejleonard.com/articles/beginners-pluck/michael-christie/,
2012,Y,Marjorie Celona,,,"Victoria, BC",07-01-1981,"Cincinnati, Ohio",00/00/00,https://en.wikipedia.org/wiki/Marjorie_Celona ; https://www.simonandschuster.com/authors/Marjorie-Celona/401774948,
2024,What I Know About You,Éric Chacour,,,"Montreal, QC",5-11-1983,"Montreal, QC",00/00/00,https://en.wikipedia.org/wiki/%C3%89ric_Chacour;,
2018,Jonny Appleseed,Joshua Whitehead,,,"Selkirk, MB",05-01-1985,"Calgary, AB",00/00/00,https://en.wikipedia.org/wiki/Joshua_Whitehead ; https://canlit.ca/article/joshua-whitehead/,
2018,Songs for the Cold of Heart,"Eric Dupont, translated by Peter McCambridge",,,"Amqui, Quebe",-,"Montreal, QC",00/00/00,https://en.wikipedia.org/wiki/%C3%89ric_Dupont_(writer) ; https://quebecbooks.qwf.org/authors/dupont-eric/,
2022,Lucien & Olivia,André Narbonne,,,-,-,"Windsor, Ontario",00/00/00,https://en.wikipedia.org/wiki/Andr%C3%A9_Narbonne ; https://palimpsestpress.ca/our-authors/andre-narbonne/,
2003,Kilter. 55 Fictions,John Gould,,,-,-,"Victoria, BC",00/00/00,https://en.wikipedia.org/wiki/John_Gould_(Canadian_writer); https://writersunion.ca/member/john-gould,
2021,Glorious Frazzled Beings,Angélique Lalonde,,,-,-,"Gitxsan Territory, BC",00/00/00,https://en.wikipedia.org/wiki/Ang%C3%A9lique_Lalonde,
2018,Our Homesick Love Songs,Emma Hooper,,,Alberta,-,"Bath, England",00/00/00,https://en.wikipedia.org/wiki/Emma_Hooper ; https://www.bookreporter.com/authors/emma-hooper,
2016,Pillow,Andrew Battershill,,,British Columbia,-,"Vancouver, BC",00/00/00,https://en.wikipedia.org/wiki/Andrew_Battershill ; https://www.fantasticfiction.com/b/andrew-battershill/,
2024,Bad Land,Corinna Chong,,,"Calgary, AL",-,"Kelowna, BC",00/00/00,https://en.wikipedia.org/wiki/Corinna_Chong,
2011,Extensions,Myrna Dey,,,"Calgary, Alberta",-,"Kamsack, Saskatchewan",00/00/00,https://en.wikipedia.org/wiki/Myrna_Dey,
2023,We Meant Well,Erum Shazia Hasan,,,Canada,-,"Toronto, ON",00/00/00,https://en.wikipedia.org/wiki/Erum_Shazia_Hasan ; https://www.erum-hasan.com/ ; https://gillerprize.ca/scotiabank-giller-prize-spotlight-erum-shazia-hasan/,
2018,Zolitude,Paige Cooper,,,"Canmore, AB",-,"Montreal, QC",00/00/00,https://en.wikipedia.org/wiki/Paige_Cooper,
2015,The Winter Family,Clifford Jackman,,,"Deep River, ON",-,"Guelph, ON",00/00/00,https://en.wikipedia.org/wiki/Clifford_Jackman,
2014,Watch How We Walk,Jennifer LoveGrove,,,"Dunnville, ON",-,"Toronto, ON",00/00/00,https://en.wikipedia.org/wiki/Jennifer_LoveGrove,
2006,The Garneau Block,Todd Babiak,,,"Edmonton, AB",-,"Gold Cost, Australia",00/00/00,https://en.wikipedia.org/wiki/Todd_Babiak ; https://edmontonjournal.com/entertainment/local-arts/edmonton-lays-claim-to-worlds-first-nft-book-written-by-todd-babiak-and-donated-to-the-epl,
2017,Next Year for Sure,Zoey Leigh Peterson,,,England,-,"Vancouver, BC",00/00/00,https://en.wikipedia.org/wiki/Zoey_Leigh_Peterson,
2012,One Good Hustle,Billie Livingston,,,"Hamilton, ON",-,"Vancouver, BC",00/00/00,https://en.wikipedia.org/wiki/Billie_Livingston,
2009,The Factory Voice,Jeanette Lynes,,,"Hanover, Ontario.",-,Treaty 6 Terriroty,00/00/00,https://en.wikipedia.org/wiki/Jeanette_Lynes; https://www.writerstrust.com/authors/jeanette-lynes,
2009,Fall,Colin McAdam,,,Hong Kong,-,"Toronto, ON",00/00/00,https://en.wikipedia.org/wiki/Colin_McAdam_(novelist),
2007,The Reckoning of Boston Jim,Claire Mulligan,,,"Kelowna, BC",-,"Vancouver Island, VC",00/00/00,https://en.wikipedia.org/wiki/Claire_Mulligan,
2020,Butter Honey Pig Bread,Francesca Ekwuyasi,,,"Lagos, Nigeria,",-,"Halifax, NS",00/00/00,https://en.wikipedia.org/wiki/Francesca_Ekwuyasi,
2023,The Rooftop Garden,Menaka Raman-Wilms,,,"Markham, ON",-,"Toronto, ON",00/00/00,https://en.wikipedia.org/wiki/Menaka_Raman-Wilms ; https://www.yorkregion.com/life/thornhill-native-a-runner-up-in-cbc-short-story-contest/article_4600d8b0-a791-5ef7-9207-5c86bad01908.html; https://gillerprize.ca/scotiabank-giller-prize-spotlight-menaka-raman-wilms/,
2014,Waiting for the Man,Arjun Basu,,,"Montreal, QC",-,"Montreal, Quebec",00/00/00,https://en.wikipedia.org/wiki/Arjun_Basu ; https://writersunion.ca/member/arjun-basu,
2016,Willem De Kooning’s Paintbrush,Kerry Lee Powell,,,"Montreal, Quebec",-,"Moncton, NB",00/00/00,https://en.wikipedia.org/wiki/Kerry_Lee_Powell,
2021,The Son of the House,Cheluchi Onyemeluke-Onubi,,,Nigeria,-,"Lagos, Nigeria and Halifax, Nova Scotia.",00/00/00,https://en.wikipedia.org/wiki/Cheluchi_Onyemelukwe ; https://festivalofauthors.ca/book-author/cheluchi-onyemelukwe-onuobia/ ; https://www.blackiris.co/blogposts/2022/7/27/cheluchi-onyemelukwe-nigerian-writing-and-integrity,
2024,The Cure for Drowning,Loghan Paylor,,,Ontario,-,Abbotsford,00/00/00,https://en.wikipedia.org/wiki/Loghan_Paylor,
2022,If An Egyptian Cannot Speak English,Noor Naga,,,"Philadelphia, Pennsylvania",-,"Cairo, Egypt",00/00/00,https://en.wikipedia.org/wiki/Noor_Naga,
2024,Death by a Thousand Cuts,Shashi Bhat,,,"Richmond Holl, ON",-,"HalifX, NS",00/00/00,https://en.wikipedia.org/wiki/Shashi_Bhat,
2022,Avenue of Champions,Conor Kerr,,,Saskatoon Saskatchewan,-,"Edmonton, Alberta",00/00/00,https://en.wikipedia.org/wiki/Conor_Kerr#cite_note-5 ; https://www.writerstrust.com/authors/conor-kerr ; https://apps.ualberta.ca/directory/person/ckerr1,
2019,Small Game Hunting at the Local Coward Gun Club,Megan Gail Coles,,,"Savage Cove, Nfld",-,Newfoundland,00/00/00,https://en.wikipedia.org/wiki/Megan_Gail_Coles,
2021,Swimming Back to Trout River,Linda Rui Feng,,,"Shanghai, China",-,"Toronto, ON",00/00/00,https://en.wikipedia.org/wiki/Linda_Rui_Feng,
2023,We Have Never Lived on Earth ],Kasia Van Schaik,,,South Africa,-,"Montreal,ON",00/00/00,https://en.wikipedia.org/wiki/Kasia_Van_Schaik ; https://www.cbc.ca/books/literaryprizes/found-piece-by-kasia-juno-van-schaik-9.7141197 ; https://gillerprize.ca/scotiabank-giller-prize-spotlight-kasia-van-schaik/,
2008,The Boys in the Trees,Mary Swan,,,"Southwestern, ON",-,"Guelph, ON",00/00/00,https://en.wikipedia.org/wiki/Mary_Swan; https://writersunion.ca/member/mary-swan,
2008,The Withdrawal Method,Pasha Malla,,,"St. John's, Nfld",-,"Hamilton, ON",00/00/00,https://en.wikipedia.org/wiki/Pasha_Malla; https://library.torontomu.ca/asianheritage/authors/malla/,
2020,All I Ask,Eva Crocker,,,"St. John's, Nfld",-,"St. John's, Nfld",00/00/00,https://en.wikipedia.org/wiki/Eva_Crocker,
2010,The Debba,Avner Mandelman,,,"Tel Aviv, Israel;",-,"Toronto, ON",00/00/00,https://www.encyclopedia.com/arts/educational-magazines/mandelman-avner-1947,
2008,Barnacle Love,Anthony De Sa,,,"Toronto, ON",-,"Toronto, ON",00/00/00,https://en.wikipedia.org/wiki/Anthony_De_Sa_(author) ; https://thecanadianencyclopedia.ca/en/article/anthony-de-sa ; https://www.penguinrandomhouse.ca/authors/76494/anthony-de-sa,
2013,How to Get Along With Women,Elisabeth de Mariaffi,,,"Toronto, ON",-,"St.John's, Nfld",00/00/00,https://en.wikipedia.org/wiki/Elisabeth_de_Mariaffi,
2016,Death Valley,Susan Perly,,,"Toronto, ON",-,"Toronto, ON",00/00/00,https://en.wikipedia.org/wiki/Susan_Perly; https://ex-puritan.ca/blog/susan-perly,
2019,Frying Plantain,Zalika Reid-Benta,,,"Toronto, ON",-,"Toronto, ON",00/00/00,https://en.wikipedia.org/wiki/Zalika_Reid-Benta,
2022,In the City of Pigs,André Forget,,,"Toronto, ON",-,"Sheffield, England and Toronto, Canada.",00/00/00,https://en.wikipedia.org/wiki/Andr%C3%A9_Forget ; https://andre-forget.com/about/,
2022,What We Both Know,Fawn Parker,,,"Toronto, ON",-,New Brunswick,00/00/00,https://en.wikipedia.org/wiki/Fawn_Parker ; https://www.hobartpulp.com/web_features/a-flower-is-an-example-of-something-i-would-like-if-i-could-slow-down,
2023,The Islands,Dionne Irving,,,"Toronto, ON",-,"Indiana, US",00/00/00,https://en.wikipedia.org/wiki/Dionne_Irving ; https://gillerprize.ca/scotiabank-giller-prize-spotlight-dionne-irving/,
2024,Curiosities,Anne Fleming,,,"Toronto, ON",-,"Kelowna, BC",00/00/00,https://en.wikipedia.org/wiki/Anne_Fleming_(writer),
2011,Solitaria,Genni Gunn,,,"Trieste, Italy,",-,"Montreal, QC",00/00/00,https://en.wikipedia.org/wiki/Genni_Gunn,
2012,Everybody Has Everything,Katrina Onstad,,,"Vancouver, BC",-,"Toronto, ON",00/00/00,https://en.wikipedia.org/wiki/Katrina_Onstad ; https://katrinaonstad.com/about/,
2021,Astra,Cedar Bowers,,,"Vancouver, BC",-,"Galiano Island and Victoria, BC",00/00/00,https://en.wikipedia.org/wiki/Cedar_Bowers,
2007,Conceit,Mary Novik,,,"Victoria, BC",-,"Vancouver, BC",00/00/00,https://en.wikipedia.org/wiki/Mary_Novik,
2016,By Gaslight,Steven Price,,,"Victoria, BC",-,"Victoria, BC",00/00/00,https://en.wikipedia.org/wiki/Steven_Price_(writer),
2017,The Bone Mother,David Demchuk,,,"Winnipeg, ON",-,"St. John’s, Newfoundland.",00/00/00,https://en.wikipedia.org/wiki/David_Demchuk ; https://cookemcdermid.com/news/2025/7/8/welcome-to-cmd-david-demchuk,
1999,Summer Gone,David Macfarlane,,,"Hamilton, ON",00/00/1952,"Toronto, ON",00/00/00,https://en.wikipedia.org/wiki/David_Macfarlane; https://ohps.ca/about-the-author,
2011,The Return,"Dany Laferrière, translated by David Homel",,,"Port-au-Prince, Haiti",13/04/1953,"Montreal, QC and Paris, France",00/00/00,https://fr.wikipedia.org/wiki/Dany_Laferri%C3%A8re,
2008,The Cellist of Sarajevo,Steven Galloway,,,"Vancouver, BC",13/07/1975,"New Westminster, BC",00/00/00,https://en.wikipedia.org/wiki/Steven_Galloway_(writer); https://www.writerstrust.com/authors/steven-galloway,
2005,The Time in Between,David Bergen,,,"Port Edward, BC",14/01/1957,"Winnipeg, MN",00/00/00,https://en.wikipedia.org/wiki/David_Bergen,
2008,The Retreat,David Bergen,,,"Port Edward, BC",14/01/1957,"Winnipeg, MN",00/00/00,https://en.wikipedia.org/wiki/David_Bergen,
2010,The Matter With Morris,David Bergen,,,"Port Edward, BC",14/01/1957,"Winnipeg, MN",00/00/00,https://en.wikipedia.org/wiki/David_Bergen,
2016,Stranger,David Bergen,,,"Port Edward, BC",14/01/1957,"Winnipeg, MN",00/00/00,https://en.wikipedia.org/wiki/David_Bergen,
2020,Here the Dark,David Bergen,,,"Port Edward, BC",14/01/1957,"Winnipeg, MN",00/00/00,https://en.wikipedia.org/wiki/David_Bergen,
2023,Away From the Dead,David Bergen,,,"Port Edward, BC",14/01/1957,"Winnipeg, MN",00/00/00,https://en.wikipedia.org/wiki/David_Bergen,
2009,The Heart Specialist,Claire Holden Rothman,,,"Montreal, QC",14/08/1958,"Montreal, QC",00/00/00,https://en.wikipedia.org/wiki/Claire_Holden_Rothman; https://www.ottawareviewofbooks.com/single-post/2015/03/02/interview-with-claire-holden-rothman; https://www.geni.com/people/Claire-Holden-Rothman/6000000076499753963,
2014,My October,Claire Holden Rothman,,,"Montreal, QC",14/08/1958,"Montreal, QC",00/00/00,https://en.wikipedia.org/wiki/Claire_Holden_Rothman; https://www.ottawareviewofbooks.com/single-post/2015/03/02/interview-with-claire-holden-rothman; https://www.geni.com/people/Claire-Holden-Rothman/6000000076499753963,
2008,Good to a Fault,Marina Endicott,,,"Golden, BC",14/09/1958,"Saskatoon, SK",00/00/00,https://en.wikipedia.org/wiki/Marina_Endicott,
2011,The Little Shadows,Marina Endicott,,,"Golden, BC",14/09/1958,"Saskatoon, SK",00/00/00,https://en.wikipedia.org/wiki/Marina_Endicott,
2015,Close to Hugh,Marina Endicott,,,"Golden, BC",14/09/1958,"Saskatoon, SK",00/00/00,https://en.wikipedia.org/wiki/Marina_Endicott,
1994,Casino and Other Stories,Bonnie Burnard,,,"Petrolia, ON",15/01/1945,"London, ON",04-03-2017,https://thecanadianencyclopedia.ca/en/article/bonnie-burnard,
1999,A Good House,Bonnie Burnard,,,"Petrolia, ON",15/01/1945,"London, ON",04-03-2017,https://en.wikipedia.org/wiki/Bonnie_Burnard,
1998,Childhood,André Alexis,,,"Port of Spain, Trinidad and Tobago",15/01/1957,"Toronto, ON",00/00/00,https://en.wikipedia.org/wiki/Andr%C3%A9_Alexis,
2015,Fifteen Dogs,André Alexis,,,"Port of Spain, Trinidad and Tobago",15/01/1957,"Toronto, ON",00/00/00,https://en.wikipedia.org/wiki/Andr%C3%A9_Alexis,
2019,Days by Moonlight,André Alexis,,,"Port of Spain, Trinidad and Tobago",15/01/1957,"Toronto, ON",00/00/00,https://en.wikipedia.org/wiki/Andr%C3%A9_Alexis,
1996,Fugitive Pieces,Anne Michaels,,,"Toronto, ON",15/04/1958,"Toronto, ON",00/00/00,https://en.wikipedia.org/wiki/Anne_Michaels,
2009,The Winter Vault,Anne Michaels,,,"Toronto, ON",15/04/1958,"Toronto, ON",00/00/00,https://en.wikipedia.org/wiki/Anne_Michaels,
2024,Held,Anne Michaels,,,"Toronto, ON",15/04/1958,"Toronto, ON",00/00/00,https://en.wikipedia.org/wiki/Anne_Michaels,
2013,The Crooked Maid,Dan Vyleta,,,"Gelsenkirchen, Germany",15/07/1974,"Stratford-upon-Avon, England",00/00/00,https://en.wikipedia.org/wiki/Dan_Vyleta ; https://www.penguinrandomhouse.com/authors/264059/dan-vyleta/,
2016,The Best Kind of People,Zoe Whittall,,,"Eastern Twonships, QC",16/02/1976,"Toronto, ON",00/00/00,https://en.wikipedia.org/wiki/Zoe_Whittall,
2012,The Imposter Bride,Nancy Richler,,,"Montreal, QC",16/05/1957,"Vancouver, BC",18/01/2021,https://en.wikipedia.org/wiki/Nancy_Richler,
1999,The Mark of the Angel,Nancy Huston,,,"Calgary,  AL",16/09/1953,"Paris, France",00/00/00,https://en.wikipedia.org/wiki/Nancy_Huston ; https://thecanadianencyclopedia.ca/en/article/nancy-huston,
2005,Luck,Joan Barfoot,,,"Owen Sound, ON",17/05/1946,"London, ON",00/00/00,https://thecanadianencyclopedia.ca/en/article/joan-louise-barfoot,
2019,Reproduction,Ian Williams,,,Trinidad,17/06/1979,"Toronto, ON",00/00/00,https://en.wikipedia.org/wiki/Ian_Williams_(writer),
2010,This Cake is for the,Party Sarah Selecky,,,"Hanmer, ON",17/09/1974,"Prince Edward County, ON",00/00/00,https://en.wikipedia.org/wiki/Sarah_Selecky ; https://assemblypress.ca/authors/sarah-selecky,
2000,Mercy Among the Children,David Adams Richards,,,"Newcastle, NB",17/10/1950,"Fredericton, NB",00/00/00,https://www.writerstrust.com/authors/david-adams-richards ; https://en.wikipedia.org/wiki/David_Adams_Richards,
2006,The Friends of Meager Fortune,David Adams Richards,,,"Newcastle, NB",17/10/1950,"Fredericton, NB",00/00/00,https://www.writerstrust.com/authors/david-adams-richards ; https://en.wikipedia.org/wiki/David_Adams_Richards,
2008,The Lost Highway,David Adams Richards,,,"Newcastle, NB",17/10/1950,"Fredericton, NB",00/00/00,https://www.writerstrust.com/authors/david-adams-richards ; https://en.wikipedia.org/wiki/David_Adams_Richards,
2006,Home Schooling,Carol Windley,,,"Tofino, BC",18/06/1947,"Vancouver Island, VC",00/00/00,https://en.wikipedia.org/wiki/Carol_Windley https://groveatlantic.com/author/carol-windley/,
1996,Alias Grace,Margaret Atwood,,,"Ottawa, ON",18/11/1939,"Toronto, ON",00/00/00,https://en.wikipedia.org/wiki/Jane_Urquhart,
2003,Oryx and Crake,Margaret Atwood,,,"Ottawa, ON",18/11/1939,"Toronto, ON",00/00/00,https://en.wikipedia.org/wiki/Jane_Urquhart,
2009,The Year of the Flood,Margaret Atwood,,,"Ottawa, ON",18/11/1939,"Toronto, ON",00/00/00,https://en.wikipedia.org/wiki/Jane_Urquhart,
2019,The Testaments,Margaret Atwood,,,"Ottawa, ON",18/11/1939,"Toronto, ON",00/00/00,https://en.wikipedia.org/wiki/Jane_Urquhart,
2001,River Thieves,Michael Crummey,,,"Buchans, NL",18/11/1965,"St. John's, NL",00/00/00,https://en.wikipedia.org/wiki/Michael_Crummey,
2019,The Innocents,Michael Crummey,,,"Buchans, NL",18/11/1965,"St. John's, NL",00/00/00,https://en.wikipedia.org/wiki/Michael_Crummey,
2007,A Secret Between Us,"Daniel Poliquin, translated by Donald Winkler",,,"Ottawa, ON",18/12/1953,"Ottawa, ON",00/00/00,https://en.wikipedia.org/wiki/Daniel_Poliquin,
2000,Monkey Beach,Eden Robinson,,,"Kitamaat, BC",19/01/1968,"Kitamaat Village, BC",00/00/00,https://en.wikipedia.org/wiki/Eden_Robinson; https://www.writerstrust.com/authors/eden-robinson,
2017,Son of a Trickster,Eden Robinson,,,"Kitamaat, BC",19/01/1968,"Kitamaat Village, BC",00/00/00,https://en.wikipedia.org/wiki/Eden_Robinson; https://www.writerstrust.com/authors/eden-robinson,
2014,American Innovations,Rivka Galchen,,,"Toronto, ON",19/04/1976,New York,00/00/00,https://en.wikipedia.org/wiki/Rivka_Galchen ; https://www.writerstrust.com/authors/rivka-galchen,
2021,The Listeners,Jordan Tannahill,,,"Ottawa, ON",19/05/1988,"London, England",00/00/00,https://en.wikipedia.org/wiki/Jordan_Tannahill,
1995,Like This,Leo McKay Jr.,,,"Stellarton, NS",19/06/1964,"Sanikiluaq, NU",00/00/00,https://en.wikipedia.org/wiki/Leo_McKay_Jr.,
2005,Sweetness in the Belly,Camilla Gibb,,,"London, England",20/02/1968,"Toronto, ON",00/00/00,https://en.wikipedia.org/wiki/Camilla_Gibb,
2014,The Ever After of Ashwin Rao,Padma Viswanathan,,,"Nelson, BC",20/02/1968,"Arkansas, US",00/00/00,https://en.wikipedia.org/wiki/Padma_Viswanathan ; https://library.torontomu.ca/asianheritage/authors/viswanathan/,
2004,All That Matters,Wayson Choy,,,"Vancouver, BC",20/04/1939,"Toronto, ON",28/04/2019,https://en.wikipedia.org/wiki/Wayson_Choy,
2021,A Dream of a Woman,Casey Plett,,,"Winnipeg, MB",20/06/1987,"Windsor, ON",00/00/00,https://en.wikipedia.org/wiki/Casey_Plett; https://electricliterature.com/el-author/casey-plett/,
2021,The Octopus Has Three Hearts,Rachel Rose,,,"Vancouver, BC",20/09/1970,"Vancouver, BC",00/00/00,https://en.wikipedia.org/wiki/Rachel_Rose ; https://www.rachelrose.ca/about,
2004,A Complicated Kindness,Miriam Toews,,,"Steinbach, MN",21/05/1964,"Winnipeg, MN",00/00/00,https://en.wikipedia.org/wiki/Miriam_Toews,
2014,All My Puny Sorrows,Miriam Toews,,,"Steinbach, MN",21/05/1964,"Winnipeg, MN",00/00/00,https://en.wikipedia.org/wiki/Miriam_Toews,
2021,Fight Night,Miriam Toews,,,"Steinbach, MN",21/05/1964,"Winnipeg, MN",00/00/00,https://en.wikipedia.org/wiki/Miriam_Toews,
2001,The Stone Carvers,Jane Urquhart,,,"Geraldton, ON",21/06/1949,South-Eastern Ontario,00/00/00,https://en.wikipedia.org/wiki/Jane_Urquhart,
2010,Sanctuary Line,Jane Urquhart,,,"Geraldton, ON",21/06/1949,South-Eastern Ontario,00/00/00,https://en.wikipedia.org/wiki/Jane_Urquhart,
2024,In Winter I Get Up At Night,Jane Urquhart,,,"Geraldton, ON",21/06/1949,South-Eastern Ontario,00/00/00,https://en.wikipedia.org/wiki/Jane_Urquhart,
2006,The Immaculate Conception,"Gaétan Soucy, translated by Lazer Lederhendler",,,"Montreal, QC",21/10/1958,"Montreal, QC",21/10/1958,https://en.wikipedia.org/wiki/Ga%C3%A9tan_Soucy,
2022,A Minor Chorus,Billy-Ray Belcourt,,,"Driftpile, Alberta.",21/11/1994,"Vancouver, BC",00/00/00,https://en.wikipedia.org/wiki/Billy-Ray_Belcourt ; https://billy-raybelcourt.com/,
2006,Inside,Kenneth J. Harvey,,,"St John, Nfld",22/01/1962,"Burnt Head, Cupids, Nfld",00/00/00,https://en.wikipedia.org/wiki/Kenneth_J._Harvey https://thecanadianencyclopedia.ca/en/article/kenneth-j-harvey,
2008,Blackstrap Hawco,Kenneth J. Harvey,,,"St John's, Nfld",22/01/1962,"Head, Cupids, Nfld",00/00/00,https://en.wikipedia.org/wiki/Kenneth_J._Harvey,
2001,The Russlander,Sandra Birdsell,,,"Hamiota, MA",22/04/1942,"Ottawa, ON",00/00/00,https://en.wikipedia.org/wiki/Sandra_Birdsell,
1998,The Colony of Unrequited Dreams,Wayne Johnston,,,"Goulds, NL",22/05/1958,"Toronto, ON",00/00/00,https://en.wikipedia.org/wiki/Wayne_Johnston_(writer),
2002,The Navigator of New York,Wayne Johnston,,,"Goulds, NL",22/05/1958,"Toronto, ON",00/00/00,https://en.wikipedia.org/wiki/Wayne_Johnston_(writer),
2006,The Custodian of Paradise,Wayne Johnston,,,"Goulds, NL",22/05/1958,"Toronto, ON",00/00/00,https://en.wikipedia.org/wiki/Wayne_Johnston_(writer),
2011,A World Elsewhere,Wayne Johnston,,,"Goulds, NL",22/05/1958,"Toronto, ON",00/00/00,https://en.wikipedia.org/wiki/Wayne_Johnston_(writer),
2013,The Son of a Certain Woman,Wayne Johnston,,,"Goulds, NL",22/05/1958,"Toronto, ON",00/00/00,https://en.wikipedia.org/wiki/Wayne_Johnston_(writer),
1994,What You Need,Eliza Clark,,,"Mississauga, ON",22/05/1963,"Toronto, ON",00/00/00,https://en.wikipedia.org/wiki/Eliza_Clark_(Canadian_author);,
2004,Galveston,Paul Quarrington,,,"Toronto, ON",22/07/1953,"Toronto, ON",21/01/2010,https://en.wikipedia.org/wiki/Paul_Quarrington,
2008,The Ravine,Paul Quarrington,,,"Toronto, ON",22/07/1953,"Toronto, ON",21/01/2010,https://en.wikipedia.org/wiki/Paul_Quarrington,
2016,13 Ways of Looking at a Fat Girl,Mona Awad,,,"Montreal, QC",22/08/1978,United States,00/00/00,https://en.wikipedia.org/wiki/Mona_Awad ; https://monaawadauthor.com/about,
2000,A Student of Weather,Elizabeth Hay,,,"Own Sound, ON",22/10/1951,"Ottawa, ON",00/00/00,https://en.wikipedia.org/wiki/Elizabeth_Hay_(novelist),
2007,Late Nights on Air,Elizabeth Hay,,,"Own Sound, ON",22/10/1951,"Ottawa, ON",00/00/00,https://en.wikipedia.org/wiki/Elizabeth_Hay_(novelist),
2013,Extraordinary,David Gilmour,,,"London, ON",22/12/1949,"Toronto, ON",00/00/00,https://en.wikipedia.org/wiki/David_Gilmour_(writer),
2000,The Trade,Fred Stenson,,,"Chief Mountain, AL",22/12/1951,"PIncher Creek, AL",00/00/00,https://en.wikipedia.org/wiki/Fred_Stenson_(writer) ; https://writersunion.ca/member/fred-stenson,
2023,Study for Obedience,Sarah Bernstein,,,"Montreal, QC",23/04/1987,Scotland,00/00/00,https://en.wikipedia.org/wiki/Sarah_Bernstein,
2007,The Book of Negroes,Lawrence Hill,,,"Newmarket, ON",24/01/1957,"Hamilton, ON",00/00/00,https://en.wikipedia.org/wiki/Lawrence_Hill,
2011,The Antagonist,Lynn Coady,,,"Port Hawkesbury, NS",24/01/1970,"Toronto, ON",00/00/00,https://en.wikipedia.org/wiki/Lynn_Coady,
2013,Hellgoing,Lynn Coady,,,"Port Hawkesbury, NS",24/01/1970,"Toronto, ON",00/00/00,https://en.wikipedia.org/wiki/Lynn_Coady,
2020,Watching You Without Me,Lynn Coady,,,"Port Hawkesbury, NS",24/01/1970,"Toronto, ON",00/00/00,https://en.wikipedia.org/wiki/Lynn_Coady,
2020,Indians on Vacation,Thomas King,,,"Roseville, California,",24/04/1943,"Guelph, ON",00/00/00,https://en.wikipedia.org/wiki/Thomas_King_(novelist),
1998,The Healer,Greg Hollingshead,,,"Toronto, ON",25/02/1947,"Toronto, ON",00/00/00,https://en.wikipedia.org/wiki/Greg_Hollingshead,
1998,The White Bone,Barbara Gowdy,,,"Windsor, ON",25/06/1950,"Toronto, ON",00/00/00,https://en.wikipedia.org/wiki/Barbara_Gowdy,
2007,Helpless,Barbara Gowdy,,,"Windsor, ON",25/06/1950,"Toronto, ON",00/00/00,https://en.wikipedia.org/wiki/Barbara_Gowdy,
1995,Mister Sandman,Barbara Gowdy,,,"Windsor, ON",25/06/1950,"Toronto, ON",00/00/00,https://en.wikipedia.org/wiki/Barbara_Gowdy,
2014,Tell,Frances Itani,,,"Belleville, ON",25/08/1942,"Ottawa, ON",00/00/00,https://en.wikipedia.org/wiki/Frances_Itani ; https://writersunion.ca/member/frances-itani,
2018,Motherhood,Sheila Heti,,,"Toronto, ON",25/12/1976,"Toronto, ON",00/00/00,https://en.wikipedia.org/wiki/Sheila_Heti; https://www.penguinrandomhouse.ca/authors/244624/sheila-heti,
2022,Pure Colour,Sheila Heti,,,"Toronto, ON",25/12/1976,"Toronto, ON",00/00/00,https://en.wikipedia.org/wiki/Sheila_Heti; https://www.penguinrandomhouse.ca/authors/244624/sheila-heti,
2008,"Red Dog, Red Dog",Patrick Lane,,,"Nelson, BC",26/03/1939,"Victoria , BC",07-03-2019,https://en.wikipedia.org/wiki/Patrick_Lane_(poet),
2002,The Polished Hoe,Austin Clarke,,,"St. James, Barbados",26/07/1934,"Toronto, ON",26/06/2016,https://en.wikipedia.org/wiki/Austin_Clarke_(novelist),
2008,More,Austin Clarke,,,"St. James, Barbados",26/07/1934,"Toronto, ON",26/06/2016,https://en.wikipedia.org/wiki/Austin_Clarke_(novelist),
1997,Barney’s Version,Mordecai Richler,,,"Montreal, QC",27/01/1931,"Montreal, QC",03/07/ 2001,https://en.wikipedia.org/wiki/Mordecai_Richler,
2002,Open,Lisa Moore,,,"St. John's, NF",28/03/1964,"St. John's, NL",00/00/00,https://en.wikipedia.org/wiki/Lisa_Moore_(writer); https://thecanadianencyclopedia.ca/en/article/lisa-moore,
2005,Alligator,Lisa Moore,,,"St. John's, NF",28/03/1964,"St. John's, NL",00/00/00,https://en.wikipedia.org/wiki/Lisa_Moore_(writer); https://thecanadianencyclopedia.ca/en/article/lisa-moore,
2013,Caught,Lisa Moore,,,"St. John's, NF",28/03/1964,"St. John's, NL",00/00/00,https://en.wikipedia.org/wiki/Lisa_Moore_(writer); https://thecanadianencyclopedia.ca/en/article/lisa-moore,
2018,Something for Everyone,Lisa Moore,,,"St. John's, NF",28/03/1964,"St. John's, NL",00/00/00,https://en.wikipedia.org/wiki/Lisa_Moore_(writer); https://thecanadianencyclopedia.ca/en/article/lisa-moore,
2010,Cool Water,Dianne Warren,,,"Ottawa, ON",28/08/1950,"Regina, Saskatchewan",00/00/00,https://en.wikipedia.org/wiki/Dianne_Warren,
2013,Going Home Again,Dennis Bock,,,"Belleville, ON",28/08/1964,"Toronto, ON",00/00/00,https://en.wikipedia.org/wiki/Dennis_Bock,
2021,The Strangers,Katherena Vermette,,,"Winnipeg, MA",29/01/1977,"Winnipeg, MA",00/00/00,Katherena Vermette - Wikipedia,
2024,real ones,Katherena Vermette,,,"Winnipeg, MA",29/01/1977,"Winnipeg, MA",00/00/00,https://en.wikipedia.org/wiki/Katherena_Vermette,
2009,The Disappeared,Linden MacIntyre,,,"St.Lawrence, Nfld",29/05/1943,"Toronto, ON",00/00/00,https://en.wikipedia.org/wiki/Linden_MacIntyre ; https://thecanadianencyclopedia.ca/en/article/linden-joseph-macintyre,
2009,The Bishop’s Man,Linden MacIntyre,,,"St.Lawrence, Nfld",29/05/1943,"Toronto, ON",00/00/00,https://en.wikipedia.org/wiki/Linden_MacIntyre ; https://thecanadianencyclopedia.ca/en/article/linden-joseph-macintyre,
2011,Touch,Alexi Zentner,,,"Kitchener, ON",29/08/1973,"Ithaca, New York",00/00/00,https://en.wikipedia.org/wiki/Alexi_Zentner,
2017,We’ll All be Burnt in Our Beds Some Night,Joel Thomas Hynes,,,"Calvert, Nfld",29/09/1976,"Nfld, Toronto, and California",00/00/00,https://en.wikipedia.org/wiki/Joel_Thomas_Hynes,
1996,Fall on Your Knees,Ann-Marie MacDonald,,,"CFB Baden-Soellingen, West Germany",29/10/1958,"Toronto, ON",00/00/00,https://en.wikipedia.org/wiki/Ann-Marie_MacDonald,
2003,The Way the Crow Flies,Ann-Marie MacDonald,,,"CFB Baden-Soellingen, West Germany",29/10/1958,"Toronto, ON",00/00/00,https://en.wikipedia.org/wiki/Ann-Marie_MacDonald,
1994,The Book of Secrets,M.G. Vassanji,,,"Nairobi, Kenya",30/05/1950,"Toronto, ON",00/00/00,https://en.wikipedia.org/wiki/M._G._Vassanji; https://thecanadianencyclopedia.ca/en/article/mg-moyez-g-vassanji,https://en.wikipedia.org/wiki/The_Book_of_Secrets_(novel)
2003,The In-Between World of Vikram Lall,M.G. Vassanji,,,"Nairobi, Kenya",30/05/1950,"Toronto, ON",00/00/00,https://en.wikipedia.org/wiki/M._G._Vassanji; https://thecanadianencyclopedia.ca/en/article/mg-moyez-g-vassanji,https://en.wikipedia.org/wiki/The_Book_of_Secrets_(novel)
2007,The Assassin’s Song,M.G. Vassanji,,,"Nairobi, Kenya",30/05/1950,"Toronto, ON",00/00/00,https://en.wikipedia.org/wiki/M._G._Vassanji; https://thecanadianencyclopedia.ca/en/article/mg-moyez-g-vassanji,https://en.wikipedia.org/wiki/The_Book_of_Secrets_(novel)
1995,The Piano Man’s Daughter,Timothy Findley,,,"Toronto, ON",30/10/1930,"Brignoles, France",20/06/2002,https://en.wikipedia.org/wiki/Timothy_Findley,
1999,Pilgrim,Timothy Findley,,,"Toronto, ON",30/10/1930,"Brignoles, France",20/06/2002,https://en.wikipedia.org/wiki/Timothy_Findley,
2006,jPod,Douglas Coupland,,,"RCAF Station Baden–Soellingen, West Germany",30/12/1961,"West Vancouver, BC",00/00/00,https://en.wikipedia.org/wiki/Douglas_Coupland; https://www.youtube.com/watch?v=J45h_WP9YRQ&t=6s,
2010,Player One,Douglas Coupland,,,"RCAF Station Baden–Soellingen, West Germany",30/12/1961,"West Vancouver, BC",00/00/00,https://en.wikipedia.org/wiki/Douglas_Coupland; https://www.youtube.com/watch?v=J45h_WP9YRQ&t=6s,
2008,Through Black Spruce,Joseph Boyden,,,"Willowdale, North York, ON",31/10/1966,"Georgian Bay, Ontario",00/00/00,https://en.wikipedia.org/wiki/Joseph_Boyden,
2013,The Orenda,Joseph Boyden,,,"Willowdale, North York, ON",31/10/1966,"Georgian Bay, Ontario",00/00/00,https://en.wikipedia.org/wiki/Joseph_Boyden,
2021,"We, Jane",Aimee Wall,,,"Grand Falls-Windsor, NL",-,"Montreal, QC",00/00/00,https://en.wikipedia.org/wiki/Aimee_Wall; https://www.aimeewall.com/,
2024,Prairie Edge,Conor Kerr,,,"Saskatoon, SK",-,"Edmonton, AB",00/00/00,https://en.wikipedia.org/wiki/Conor_Kerr; https://www.conorkerr.ca/,
2024,Peacocks of Instagram,Deepa Rajagopalan,,,Saudi Arabia,-,"Toronto, ON",00/00/00,https://www.deeparajagopalan.com/about; https://en.wikipedia.org/wiki/Deepa_Rajagopalan,
